path,resolution,series,sys_id,img_id,format,date
3000/pollen_30_3000.jpg,3000,cards,30,3000,jpg,2022-02-15
800/pollen_30_3000.jpg,800,cards,30,3000,jpg,2022-02-15
3000/pollen_30_3001.jpg,3000,cards,30,3001,jpg,2022-02-15
800/pollen_30_3001.jpg,800,cards,30,3001,jpg,2022-02-15
3000/pollen_30_3002.jpg,3000,cards,30,3002,jpg,2022-02-15
800/pollen_30_3002.jpg,800,cards,30,3002,jpg,2022-02-15
3000/pollen_30_3003.jpg,3000,cards,30,3003,jpg,2022-02-15
800/pollen_30_3003.jpg,800,cards,30,3003,jpg,2022-02-15
3000/pollen_30_3004.jpg,3000,cards,30,3004,jpg,2022-02-15
800/pollen_30_3004.jpg,800,cards,30,3004,jpg,2022-02-15
3000/pollen_30_3005.jpg,3000,cards,30,3005,jpg,2022-02-15
800/pollen_30_3005.jpg,800,cards,30,3005,jpg,2022-02-15
3000/pollen_30_3006.jpg,3000,cards,30,3006,jpg,2022-02-15
800/pollen_30_3006.jpg,800,cards,30,3006,jpg,2022-02-15
3000/pollen_30_3007.jpg,3000,cards,30,3007,jpg,2022-02-15
800/pollen_30_3007.jpg,800,cards,30,3007,jpg,2022-02-15
3000/pollen_30_3008.jpg,3000,cards,30,3008,jpg,2022-02-15
800/pollen_30_3008.jpg,800,cards,30,3008,jpg,2022-02-15
3000/pollen_30_3009.jpg,3000,cards,30,3009,jpg,2022-02-15
800/pollen_30_3009.jpg,800,cards,30,3009,jpg,2022-02-15
3000/pollen_30_3010.jpg,3000,cards,30,3010,jpg,2022-02-15
800/pollen_30_3010.jpg,800,cards,30,3010,jpg,2022-02-15
3000/pollen_30_3011.jpg,3000,cards,30,3011,jpg,2022-02-15
800/pollen_30_3011.jpg,800,cards,30,3011,jpg,2022-02-15
3000/pollen_30_3012.jpg,3000,cards,30,3012,jpg,2022-02-15
800/pollen_30_3012.jpg,800,cards,30,3012,jpg,2022-02-15
3000/pollen_30_3013.jpg,3000,cards,30,3013,jpg,2022-02-15
800/pollen_30_3013.jpg,800,cards,30,3013,jpg,2022-02-15
3000/pollen_30_3014.jpg,3000,cards,30,3014,jpg,2022-02-15
800/pollen_30_3014.jpg,800,cards,30,3014,jpg,2022-02-15
3000/pollen_30_3015.jpg,3000,cards,30,3015,jpg,2022-02-15
800/pollen_30_3015.jpg,800,cards,30,3015,jpg,2022-02-15
3000/pollen_30_3016.jpg,3000,cards,30,3016,jpg,2022-02-15
800/pollen_30_3016.jpg,800,cards,30,3016,jpg,2022-02-15
3000/pollen_30_3017.jpg,3000,cards,30,3017,jpg,2022-02-15
800/pollen_30_3017.jpg,800,cards,30,3017,jpg,2022-02-15
3000/pollen_30_3018.jpg,3000,cards,30,3018,jpg,2022-02-15
800/pollen_30_3018.jpg,800,cards,30,3018,jpg,2022-02-15
3000/pollen_30_3019.jpg,3000,cards,30,3019,jpg,2022-02-15
800/pollen_30_3019.jpg,800,cards,30,3019,jpg,2022-02-15
3000/pollen_30_3020.jpg,3000,cards,30,3020,jpg,2022-02-15
800/pollen_30_3020.jpg,800,cards,30,3020,jpg,2022-02-15
3000/pollen_30_3021.jpg,3000,cards,30,3021,jpg,2022-02-15
800/pollen_30_3021.jpg,800,cards,30,3021,jpg,2022-02-15
3000/pollen_30_3022.jpg,3000,cards,30,3022,jpg,2022-02-15
800/pollen_30_3022.jpg,800,cards,30,3022,jpg,2022-02-15
3000/pollen_30_3023.jpg,3000,cards,30,3023,jpg,2022-02-15
800/pollen_30_3023.jpg,800,cards,30,3023,jpg,2022-02-15
3000/pollen_30_3024.jpg,3000,cards,30,3024,jpg,2022-02-15
800/pollen_30_3024.jpg,800,cards,30,3024,jpg,2022-02-15
3000/pollen_30_3025.jpg,3000,cards,30,3025,jpg,2022-02-15
800/pollen_30_3025.jpg,800,cards,30,3025,jpg,2022-02-15
3000/pollen_30_3026.jpg,3000,cards,30,3026,jpg,2022-02-15
800/pollen_30_3026.jpg,800,cards,30,3026,jpg,2022-02-15
3000/pollen_30_3027.jpg,3000,cards,30,3027,jpg,2022-02-15
800/pollen_30_3027.jpg,800,cards,30,3027,jpg,2022-02-15
3000/pollen_30_3028.jpg,3000,cards,30,3028,jpg,2022-02-15
800/pollen_30_3028.jpg,800,cards,30,3028,jpg,2022-02-15
3000/pollen_30_3029.jpg,3000,cards,30,3029,jpg,2022-02-15
800/pollen_30_3029.jpg,800,cards,30,3029,jpg,2022-02-15
3000/pollen_30_3030.jpg,3000,cards,30,3030,jpg,2022-02-15
800/pollen_30_3030.jpg,800,cards,30,3030,jpg,2022-02-15
3000/pollen_30_3031.jpg,3000,cards,30,3031,jpg,2022-02-15
800/pollen_30_3031.jpg,800,cards,30,3031,jpg,2022-02-15
3000/pollen_30_3032.jpg,3000,cards,30,3032,jpg,2022-02-15
800/pollen_30_3032.jpg,800,cards,30,3032,jpg,2022-02-15
3000/pollen_30_3033.jpg,3000,cards,30,3033,jpg,2022-02-15
800/pollen_30_3033.jpg,800,cards,30,3033,jpg,2022-02-15
3000/pollen_30_3034.jpg,3000,cards,30,3034,jpg,2022-02-15
800/pollen_30_3034.jpg,800,cards,30,3034,jpg,2022-02-15
3000/pollen_30_3035.jpg,3000,cards,30,3035,jpg,2022-02-15
800/pollen_30_3035.jpg,800,cards,30,3035,jpg,2022-02-15
3000/pollen_30_3036.jpg,3000,cards,30,3036,jpg,2022-02-15
800/pollen_30_3036.jpg,800,cards,30,3036,jpg,2022-02-15
3000/pollen_30_3037.jpg,3000,cards,30,3037,jpg,2022-02-15
800/pollen_30_3037.jpg,800,cards,30,3037,jpg,2022-02-15
3000/pollen_30_3038.jpg,3000,cards,30,3038,jpg,2022-02-15
800/pollen_30_3038.jpg,800,cards,30,3038,jpg,2022-02-15
3000/pollen_30_3039.jpg,3000,cards,30,3039,jpg,2022-02-15
800/pollen_30_3039.jpg,800,cards,30,3039,jpg,2022-02-15
3000/pollen_30_3040.jpg,3000,cards,30,3040,jpg,2022-02-15
800/pollen_30_3040.jpg,800,cards,30,3040,jpg,2022-02-15
3000/pollen_30_3041.jpg,3000,cards,30,3041,jpg,2022-02-15
800/pollen_30_3041.jpg,800,cards,30,3041,jpg,2022-02-15
3000/pollen_30_3042.jpg,3000,cards,30,3042,jpg,2022-02-15
800/pollen_30_3042.jpg,800,cards,30,3042,jpg,2022-02-15
3000/pollen_30_3043.jpg,3000,cards,30,3043,jpg,2022-02-15
800/pollen_30_3043.jpg,800,cards,30,3043,jpg,2022-02-15
3000/pollen_30_3044.jpg,3000,cards,30,3044,jpg,2022-02-15
800/pollen_30_3044.jpg,800,cards,30,3044,jpg,2022-02-15
3000/pollen_30_3045.jpg,3000,cards,30,3045,jpg,2022-02-15
800/pollen_30_3045.jpg,800,cards,30,3045,jpg,2022-02-15
3000/pollen_30_3046.jpg,3000,cards,30,3046,jpg,2022-02-15
800/pollen_30_3046.jpg,800,cards,30,3046,jpg,2022-02-15
3000/pollen_30_3047.jpg,3000,cards,30,3047,jpg,2022-02-15
800/pollen_30_3047.jpg,800,cards,30,3047,jpg,2022-02-15
3000/pollen_30_3048.jpg,3000,cards,30,3048,jpg,2022-02-15
800/pollen_30_3048.jpg,800,cards,30,3048,jpg,2022-02-15
3000/pollen_30_3049.jpg,3000,cards,30,3049,jpg,2022-02-15
800/pollen_30_3049.jpg,800,cards,30,3049,jpg,2022-02-15
3000/pollen_30_3050.jpg,3000,cards,30,3050,jpg,2022-02-15
800/pollen_30_3050.jpg,800,cards,30,3050,jpg,2022-02-15
3000/pollen_31_3100.jpg,3000,cards,31,3100,jpg,2022-02-15
800/pollen_31_3100.jpg,800,cards,31,3100,jpg,2022-02-15
3000/pollen_31_3101.jpg,3000,cards,31,3101,jpg,2022-02-15
800/pollen_31_3101.jpg,800,cards,31,3101,jpg,2022-02-15
3000/pollen_31_3102.jpg,3000,cards,31,3102,jpg,2022-02-15
800/pollen_31_3102.jpg,800,cards,31,3102,jpg,2022-02-15
3000/pollen_31_3103.jpg,3000,cards,31,3103,jpg,2022-02-15
800/pollen_31_3103.jpg,800,cards,31,3103,jpg,2022-02-15
3000/pollen_31_3104.jpg,3000,cards,31,3104,jpg,2022-02-15
800/pollen_31_3104.jpg,800,cards,31,3104,jpg,2022-02-15
3000/pollen_31_3105.jpg,3000,cards,31,3105,jpg,2022-02-15
800/pollen_31_3105.jpg,800,cards,31,3105,jpg,2022-02-15
3000/pollen_31_3106.jpg,3000,cards,31,3106,jpg,2022-02-15
800/pollen_31_3106.jpg,800,cards,31,3106,jpg,2022-02-15
3000/pollen_31_3107.jpg,3000,cards,31,3107,jpg,2022-02-15
800/pollen_31_3107.jpg,800,cards,31,3107,jpg,2022-02-15
3000/pollen_31_3108.jpg,3000,cards,31,3108,jpg,2022-02-15
800/pollen_31_3108.jpg,800,cards,31,3108,jpg,2022-02-15
3000/pollen_31_3109.jpg,3000,cards,31,3109,jpg,2022-02-15
800/pollen_31_3109.jpg,800,cards,31,3109,jpg,2022-02-15
3000/pollen_31_3110.jpg,3000,cards,31,3110,jpg,2022-02-15
800/pollen_31_3110.jpg,800,cards,31,3110,jpg,2022-02-15
3000/pollen_31_3111.jpg,3000,cards,31,3111,jpg,2022-02-15
800/pollen_31_3111.jpg,800,cards,31,3111,jpg,2022-02-15
3000/pollen_31_3112.jpg,3000,cards,31,3112,jpg,2022-02-15
800/pollen_31_3112.jpg,800,cards,31,3112,jpg,2022-02-15
3000/pollen_31_3113.jpg,3000,cards,31,3113,jpg,2022-02-15
800/pollen_31_3113.jpg,800,cards,31,3113,jpg,2022-02-15
3000/pollen_31_3114.jpg,3000,cards,31,3114,jpg,2022-02-15
800/pollen_31_3114.jpg,800,cards,31,3114,jpg,2022-02-15
3000/pollen_31_3115.jpg,3000,cards,31,3115,jpg,2022-02-15
800/pollen_31_3115.jpg,800,cards,31,3115,jpg,2022-02-15
3000/pollen_31_3116.jpg,3000,cards,31,3116,jpg,2022-02-15
800/pollen_31_3116.jpg,800,cards,31,3116,jpg,2022-02-15
3000/pollen_31_3117.jpg,3000,cards,31,3117,jpg,2022-02-15
800/pollen_31_3117.jpg,800,cards,31,3117,jpg,2022-02-15
3000/pollen_31_3118.jpg,3000,cards,31,3118,jpg,2022-02-15
800/pollen_31_3118.jpg,800,cards,31,3118,jpg,2022-02-15
3000/pollen_31_3119.jpg,3000,cards,31,3119,jpg,2022-02-15
800/pollen_31_3119.jpg,800,cards,31,3119,jpg,2022-02-15
3000/pollen_31_3120.jpg,3000,cards,31,3120,jpg,2022-02-15
800/pollen_31_3120.jpg,800,cards,31,3120,jpg,2022-02-15
3000/pollen_31_3121.jpg,3000,cards,31,3121,jpg,2022-02-15
800/pollen_31_3121.jpg,800,cards,31,3121,jpg,2022-02-15
3000/pollen_31_3122.jpg,3000,cards,31,3122,jpg,2022-02-15
800/pollen_31_3122.jpg,800,cards,31,3122,jpg,2022-02-15
3000/pollen_31_3123.jpg,3000,cards,31,3123,jpg,2022-02-15
800/pollen_31_3123.jpg,800,cards,31,3123,jpg,2022-02-15
3000/pollen_31_3124.jpg,3000,cards,31,3124,jpg,2022-02-15
800/pollen_31_3124.jpg,800,cards,31,3124,jpg,2022-02-15
3000/pollen_31_3125.jpg,3000,cards,31,3125,jpg,2022-02-15
800/pollen_31_3125.jpg,800,cards,31,3125,jpg,2022-02-15
3000/pollen_31_3126.jpg,3000,cards,31,3126,jpg,2022-02-15
800/pollen_31_3126.jpg,800,cards,31,3126,jpg,2022-02-15
3000/pollen_31_3127.jpg,3000,cards,31,3127,jpg,2022-02-15
800/pollen_31_3127.jpg,800,cards,31,3127,jpg,2022-02-15
3000/pollen_31_3128.jpg,3000,cards,31,3128,jpg,2022-02-15
800/pollen_31_3128.jpg,800,cards,31,3128,jpg,2022-02-15
3000/pollen_31_3129.jpg,3000,cards,31,3129,jpg,2022-02-15
800/pollen_31_3129.jpg,800,cards,31,3129,jpg,2022-02-15
3000/pollen_31_3130.jpg,3000,cards,31,3130,jpg,2022-02-15
800/pollen_31_3130.jpg,800,cards,31,3130,jpg,2022-02-15
3000/pollen_31_3131.jpg,3000,cards,31,3131,jpg,2022-02-15
800/pollen_31_3131.jpg,800,cards,31,3131,jpg,2022-02-15
3000/pollen_31_3132.jpg,3000,cards,31,3132,jpg,2022-02-15
800/pollen_31_3132.jpg,800,cards,31,3132,jpg,2022-02-15
3000/pollen_31_3133.jpg,3000,cards,31,3133,jpg,2022-02-15
800/pollen_31_3133.jpg,800,cards,31,3133,jpg,2022-02-15
3000/pollen_31_3134.jpg,3000,cards,31,3134,jpg,2022-02-15
800/pollen_31_3134.jpg,800,cards,31,3134,jpg,2022-02-15
3000/pollen_31_3135.jpg,3000,cards,31,3135,jpg,2022-02-15
800/pollen_31_3135.jpg,800,cards,31,3135,jpg,2022-02-15
3000/pollen_31_3136.jpg,3000,cards,31,3136,jpg,2022-02-15
800/pollen_31_3136.jpg,800,cards,31,3136,jpg,2022-02-15
3000/pollen_31_3137.jpg,3000,cards,31,3137,jpg,2022-02-15
800/pollen_31_3137.jpg,800,cards,31,3137,jpg,2022-02-15
3000/pollen_31_3138.jpg,3000,cards,31,3138,jpg,2022-02-15
800/pollen_31_3138.jpg,800,cards,31,3138,jpg,2022-02-15
3000/pollen_31_3139.jpg,3000,cards,31,3139,jpg,2022-02-15
800/pollen_31_3139.jpg,800,cards,31,3139,jpg,2022-02-15
3000/pollen_31_3140.jpg,3000,cards,31,3140,jpg,2022-02-15
800/pollen_31_3140.jpg,800,cards,31,3140,jpg,2022-02-15
3000/pollen_31_3141.jpg,3000,cards,31,3141,jpg,2022-02-15
800/pollen_31_3141.jpg,800,cards,31,3141,jpg,2022-02-15
3000/pollen_31_3142.jpg,3000,cards,31,3142,jpg,2022-02-15
800/pollen_31_3142.jpg,800,cards,31,3142,jpg,2022-02-15
3000/pollen_31_3143.jpg,3000,cards,31,3143,jpg,2022-02-15
800/pollen_31_3143.jpg,800,cards,31,3143,jpg,2022-02-15
3000/pollen_31_3144.jpg,3000,cards,31,3144,jpg,2022-02-15
800/pollen_31_3144.jpg,800,cards,31,3144,jpg,2022-02-15
3000/pollen_31_3145.jpg,3000,cards,31,3145,jpg,2022-02-15
800/pollen_31_3145.jpg,800,cards,31,3145,jpg,2022-02-15
3000/pollen_31_3146.jpg,3000,cards,31,3146,jpg,2022-02-15
800/pollen_31_3146.jpg,800,cards,31,3146,jpg,2022-02-15
3000/pollen_31_3147.jpg,3000,cards,31,3147,jpg,2022-02-15
800/pollen_31_3147.jpg,800,cards,31,3147,jpg,2022-02-15
3000/pollen_31_3148.jpg,3000,cards,31,3148,jpg,2022-02-15
800/pollen_31_3148.jpg,800,cards,31,3148,jpg,2022-02-15
3000/pollen_31_3149.jpg,3000,cards,31,3149,jpg,2022-02-15
800/pollen_31_3149.jpg,800,cards,31,3149,jpg,2022-02-15
3000/pollen_31_3150.jpg,3000,cards,31,3150,jpg,2022-02-15
800/pollen_31_3150.jpg,800,cards,31,3150,jpg,2022-02-15
3000/pollen_31_3151.jpg,3000,cards,31,3151,jpg,2022-02-15
800/pollen_31_3151.jpg,800,cards,31,3151,jpg,2022-02-15
3000/pollen_31_3152.jpg,3000,cards,31,3152,jpg,2022-02-15
800/pollen_31_3152.jpg,800,cards,31,3152,jpg,2022-02-15
3000/pollen_31_3153.jpg,3000,cards,31,3153,jpg,2022-02-15
800/pollen_31_3153.jpg,800,cards,31,3153,jpg,2022-02-15
3000/pollen_31_3154.jpg,3000,cards,31,3154,jpg,2022-02-15
800/pollen_31_3154.jpg,800,cards,31,3154,jpg,2022-02-15
3000/pollen_31_3155.jpg,3000,cards,31,3155,jpg,2022-02-15
800/pollen_31_3155.jpg,800,cards,31,3155,jpg,2022-02-15
3000/pollen_31_3156.jpg,3000,cards,31,3156,jpg,2022-02-15
800/pollen_31_3156.jpg,800,cards,31,3156,jpg,2022-02-15
3000/pollen_31_3157.jpg,3000,cards,31,3157,jpg,2022-02-15
800/pollen_31_3157.jpg,800,cards,31,3157,jpg,2022-02-15
3000/pollen_31_3158.jpg,3000,cards,31,3158,jpg,2022-02-15
800/pollen_31_3158.jpg,800,cards,31,3158,jpg,2022-02-15
3000/pollen_31_3159.jpg,3000,cards,31,3159,jpg,2022-02-15
800/pollen_31_3159.jpg,800,cards,31,3159,jpg,2022-02-15
3000/pollen_31_3160.jpg,3000,cards,31,3160,jpg,2022-02-15
800/pollen_31_3160.jpg,800,cards,31,3160,jpg,2022-02-15
3000/pollen_31_3161.jpg,3000,cards,31,3161,jpg,2022-02-15
800/pollen_31_3161.jpg,800,cards,31,3161,jpg,2022-02-15
3000/pollen_31_3162.jpg,3000,cards,31,3162,jpg,2022-02-15
800/pollen_31_3162.jpg,800,cards,31,3162,jpg,2022-02-15
3000/pollen_31_3163.jpg,3000,cards,31,3163,jpg,2022-02-15
800/pollen_31_3163.jpg,800,cards,31,3163,jpg,2022-02-15
3000/pollen_31_3164.jpg,3000,cards,31,3164,jpg,2022-02-15
800/pollen_31_3164.jpg,800,cards,31,3164,jpg,2022-02-15
3000/pollen_31_3165.jpg,3000,cards,31,3165,jpg,2022-02-15
800/pollen_31_3165.jpg,800,cards,31,3165,jpg,2022-02-15
3000/pollen_31_3166.jpg,3000,cards,31,3166,jpg,2022-02-15
800/pollen_31_3166.jpg,800,cards,31,3166,jpg,2022-02-15
3000/pollen_31_3167.jpg,3000,cards,31,3167,jpg,2022-02-15
800/pollen_31_3167.jpg,800,cards,31,3167,jpg,2022-02-15
3000/pollen_31_3168.jpg,3000,cards,31,3168,jpg,2022-02-15
800/pollen_31_3168.jpg,800,cards,31,3168,jpg,2022-02-15
3000/pollen_31_3169.jpg,3000,cards,31,3169,jpg,2022-02-15
800/pollen_31_3169.jpg,800,cards,31,3169,jpg,2022-02-15
3000/pollen_31_3170.jpg,3000,cards,31,3170,jpg,2022-02-15
800/pollen_31_3170.jpg,800,cards,31,3170,jpg,2022-02-15
3000/pollen_31_3171.jpg,3000,cards,31,3171,jpg,2022-02-15
800/pollen_31_3171.jpg,800,cards,31,3171,jpg,2022-02-15
3000/pollen_31_3172.jpg,3000,cards,31,3172,jpg,2022-02-15
800/pollen_31_3172.jpg,800,cards,31,3172,jpg,2022-02-15
3000/pollen_31_3173.jpg,3000,cards,31,3173,jpg,2022-02-15
800/pollen_31_3173.jpg,800,cards,31,3173,jpg,2022-02-15
3000/pollen_31_3174.jpg,3000,cards,31,3174,jpg,2022-02-15
800/pollen_31_3174.jpg,800,cards,31,3174,jpg,2022-02-15
3000/pollen_31_3175.jpg,3000,cards,31,3175,jpg,2022-02-15
800/pollen_31_3175.jpg,800,cards,31,3175,jpg,2022-02-15
3000/pollen_31_3176.jpg,3000,cards,31,3176,jpg,2022-02-15
800/pollen_31_3176.jpg,800,cards,31,3176,jpg,2022-02-15
3000/pollen_31_3177.jpg,3000,cards,31,3177,jpg,2022-02-15
800/pollen_31_3177.jpg,800,cards,31,3177,jpg,2022-02-15
3000/pollen_31_3178.jpg,3000,cards,31,3178,jpg,2022-02-15
800/pollen_31_3178.jpg,800,cards,31,3178,jpg,2022-02-15
3000/pollen_31_3179.jpg,3000,cards,31,3179,jpg,2022-02-15
800/pollen_31_3179.jpg,800,cards,31,3179,jpg,2022-02-15
3000/pollen_31_3180.jpg,3000,cards,31,3180,jpg,2022-02-15
800/pollen_31_3180.jpg,800,cards,31,3180,jpg,2022-02-15
3000/pollen_31_3181.jpg,3000,cards,31,3181,jpg,2022-02-15
800/pollen_31_3181.jpg,800,cards,31,3181,jpg,2022-02-15
3000/pollen_31_3182.jpg,3000,cards,31,3182,jpg,2022-02-15
800/pollen_31_3182.jpg,800,cards,31,3182,jpg,2022-02-15
3000/pollen_31_3183.jpg,3000,cards,31,3183,jpg,2022-02-15
800/pollen_31_3183.jpg,800,cards,31,3183,jpg,2022-02-15
3000/pollen_31_3184.jpg,3000,cards,31,3184,jpg,2022-02-15
800/pollen_31_3184.jpg,800,cards,31,3184,jpg,2022-02-15
3000/pollen_31_3185.jpg,3000,cards,31,3185,jpg,2022-02-15
800/pollen_31_3185.jpg,800,cards,31,3185,jpg,2022-02-15
3000/pollen_31_3186.jpg,3000,cards,31,3186,jpg,2022-02-15
800/pollen_31_3186.jpg,800,cards,31,3186,jpg,2022-02-15
3000/pollen_31_3187.jpg,3000,cards,31,3187,jpg,2022-02-15
800/pollen_31_3187.jpg,800,cards,31,3187,jpg,2022-02-15
3000/pollen_31_3188.jpg,3000,cards,31,3188,jpg,2022-02-15
800/pollen_31_3188.jpg,800,cards,31,3188,jpg,2022-02-15
3000/pollen_31_3189.jpg,3000,cards,31,3189,jpg,2022-02-15
800/pollen_31_3189.jpg,800,cards,31,3189,jpg,2022-02-15
3000/pollen_31_3190.jpg,3000,cards,31,3190,jpg,2022-02-15
800/pollen_31_3190.jpg,800,cards,31,3190,jpg,2022-02-15
3000/pollen_31_3191.jpg,3000,cards,31,3191,jpg,2022-02-15
800/pollen_31_3191.jpg,800,cards,31,3191,jpg,2022-02-15
3000/pollen_31_3192.jpg,3000,cards,31,3192,jpg,2022-02-15
800/pollen_31_3192.jpg,800,cards,31,3192,jpg,2022-02-15
3000/pollen_31_3193.jpg,3000,cards,31,3193,jpg,2022-02-15
800/pollen_31_3193.jpg,800,cards,31,3193,jpg,2022-02-15
3000/pollen_31_3194.jpg,3000,cards,31,3194,jpg,2022-02-15
800/pollen_31_3194.jpg,800,cards,31,3194,jpg,2022-02-15
3000/pollen_31_3195.jpg,3000,cards,31,3195,jpg,2022-02-15
800/pollen_31_3195.jpg,800,cards,31,3195,jpg,2022-02-15
3000/pollen_31_3196.jpg,3000,cards,31,3196,jpg,2022-02-15
800/pollen_31_3196.jpg,800,cards,31,3196,jpg,2022-02-15
3000/pollen_31_3197.jpg,3000,cards,31,3197,jpg,2022-02-15
800/pollen_31_3197.jpg,800,cards,31,3197,jpg,2022-02-15
3000/pollen_31_3198.jpg,3000,cards,31,3198,jpg,2022-02-15
800/pollen_31_3198.jpg,800,cards,31,3198,jpg,2022-02-15
3000/pollen_31_3199.jpg,3000,cards,31,3199,jpg,2022-02-15
800/pollen_31_3199.jpg,800,cards,31,3199,jpg,2022-02-15
